brand_id,origin
ZABRA4,Brazil
ZATUR5,Turkey
ZAMOR6,Morocco
ZACHI7,China
ZACHI8,China
ZATUR9,Turkey
ZACHI10,China
ZAPOR11,Portugal
ZAIND12,India
ZACHI13,China
ZACHI14,China
ZAPOR15,Portugal
ZAPOR16,Portugal
ZABAN17,Bangladesh
ZACHI18,China
ZAIND19,India
ZAPOR20,Portugal
ZAIND21,India
ZAMOR22,Morocco
ZABAN23,Bangladesh
ZACHI24,China
ZABAN25,Bangladesh
ZAVIE26,Vietnam
ZASPA27,Spain
ZABRA28,Brazil
ZAIND29,India
ZACAM30,Cambodia
ZAIND31,India
ZABAN32,Bangladesh
ZACHI33,China
ZACHI34,China
ZABAN35,Bangladesh
ZASPA36,Spain
ZATUR37,Turkey
ZAIND38,India
ZAVIE39,Vietnam
ZACAM40,Cambodia
ZASPA41,Spain
ZAVIE42,Vietnam
ZABAN43,Bangladesh
ZABAN44,Bangladesh
ZACHI45,China
ZASPA46,Spain
ZAARG47,Argentina
ZATUR48,Turkey
ZAARG49,Argentina
ZAMOR50,Morocco
ZAIND51,India
ZAARG52,Argentina
ZAIND53,India
ZAMOR54,Morocco
ZABAN55,Bangladesh
ZACAM56,Cambodia
ZACHI57,China
ZABAN58,Bangladesh
ZAVIE59,Vietnam
ZATUR60,Turkey
ZAIND61,India
ZABAN62,Bangladesh
ZASPA63,Spain
ZAPOR64,Portugal
ZATUR65,Turkey
ZAVIE66,Vietnam
ZACHI67,China
ZACAM68,Cambodia
ZAIND69,India
ZATUR70,Turkey
ZACHI71,China
ZATUR72,Turkey
ZACAM73,Cambodia
ZACHI74,China
ZAIND75,India
ZACHI76,China
ZABAN77,Bangladesh
ZACHI78,China
ZAPOR79,Portugal
ZATUR80,Turkey
ZASPA81,Spain
ZACHI82,China
ZABAN83,Bangladesh
ZATUR84,Turkey
ZABRA85,Brazil
ZACHI86,China
ZASPA87,Spain
ZASPA88,Spain
ZAVIE89,Vietnam
ZABAN90,Bangladesh
ZABAN91,Bangladesh
ZACHI92,China
ZACHI93,China
ZACHI94,China
ZATUR95,Turkey
ZASPA96,Spain
ZATUR97,Turkey
ZASPA98,Spain
ZABAN99,Bangladesh
ZAMOR100,Morocco
ZAIND101,India
ZACHI102,China
ZAIND103,India
ZASPA104,Spain
ZAIND105,India
ZAVIE106,Vietnam
ZAPOR107,Portugal
ZABAN108,Bangladesh
ZAIND109,India
ZABRA110,Brazil
ZAMOR111,Morocco
ZASPA112,Spain
ZATUR113,Turkey
ZACHI114,China
ZABAN115,Bangladesh
ZABAN116,Bangladesh
ZAPOR117,Portugal
ZABAN118,Bangladesh
ZASPA119,Spain
ZACHI120,China
ZACHI121,China
ZAIND122,India
ZAMOR123,Morocco
ZABAN124,Bangladesh
ZACAM125,Cambodia
ZACHI126,China
ZASPA127,Spain
ZABAN128,Bangladesh
ZACAM129,Cambodia
ZAVIE130,Vietnam
ZATUR131,Turkey
ZABAN132,Bangladesh
ZAPOR133,Portugal
ZABAN134,Bangladesh
ZATUR135,Turkey
ZAIND136,India
ZABAN137,Bangladesh
ZABAN138,Bangladesh
ZAIND139,India
ZABAN140,Bangladesh
ZAPOR141,Portugal
ZATUR142,Turkey
ZACHI143,China
ZAPOR144,Portugal
ZACHI145,China
ZAVIE146,Vietnam
ZAMOR147,Morocco
ZAIND148,India
ZAVIE149,Vietnam
ZACHI150,China
ZABAN151,Bangladesh
ZACAM152,Cambodia
ZAIND153,India
ZAVIE154,Vietnam
ZABRA155,Brazil
ZABAN156,Bangladesh
ZASPA157,Spain
ZATUR158,Turkey
ZAPOR159,Portugal
ZACHI160,China
ZAIND161,India
ZATUR162,Turkey
ZATUR163,Turkey
ZACHI164,China
ZAIND165,India
ZAPOR166,Portugal
ZATUR167,Turkey
ZAPAK168,Pakistan
ZACHI169,China
ZAIND170,India
ZAMOR171,Morocco
ZAIND172,India
ZACHI173,China
ZATUR174,Turkey
ZAVIE175,Vietnam
ZACHI176,China
ZABAN177,Bangladesh
ZAPOR178,Portugal
ZAIND179,India
ZABAN180,Bangladesh
ZACHI181,China
ZACHI182,China
ZASPA183,Spain
ZABAN184,Bangladesh
ZAIND185,India
ZAPOR186,Portugal
ZASPA187,Spain
ZACHI188,China
ZATUR189,Turkey
ZAMOR190,Morocco
ZACHI191,China
ZAPOR192,Portugal
ZAVIE193,Vietnam
ZABAN194,Bangladesh
ZATUR195,Turkey
ZACHI196,China
ZAMOR197,Morocco
ZABRA198,Brazil
ZAIND199,India
ZABAN200,Bangladesh
ZACHI201,China
ZACAM202,Cambodia
ZAARG203,Argentina
ZASPA204,Spain
ZAIND205,India
ZABAN206,Bangladesh
ZABAN207,Bangladesh
ZABRA208,Brazil
ZAPOR209,Portugal
ZABAN210,Bangladesh
ZACAM211,Cambodia
ZAIND212,India
ZACAM213,Cambodia
ZAIND214,India
ZAMOR215,Morocco
ZACHI216,China
ZACHI217,China
ZACHI218,China
ZAMOR219,Morocco
ZAMOR220,Morocco
ZATUR221,Turkey
ZAPOR222,Portugal
ZAMOR223,Morocco
ZAIND224,India
ZATUR225,Turkey
ZAPOR226,Portugal
ZACAM227,Cambodia
ZABAN228,Bangladesh
ZACHI229,China
ZAVIE230,Vietnam
ZASPA231,Spain
ZAPAK232,Pakistan
ZAVIE233,Vietnam
ZACHI234,China
ZAPOR235,Portugal
ZAMOR236,Morocco
ZAVIE237,Vietnam
ZAIND238,India
ZABAN239,Bangladesh
ZASPA240,Spain
ZAIND241,India
ZAMOR242,Morocco
ZABAN243,Bangladesh
ZABRA244,Brazil
ZAIND245,India
ZAVIE246,Vietnam
ZAPOR247,Portugal
ZABAN248,Bangladesh
ZAIND249,India
ZABAN250,Bangladesh
ZASPA251,Spain
ZABAN252,Bangladesh
ZAMOR253,Morocco
ZAVIE254,Vietnam
ZATUR255,Turkey
ZAPAK256,Pakistan
ZAPOR257,Portugal
ZAMOR258,Morocco
ZATUR259,Turkey
ZAPOR260,Portugal
ZAPOR261,Portugal
ZACHI262,China
ZATUR263,Turkey
ZABAN264,Bangladesh
ZATUR265,Turkey
ZAPOR266,Portugal
ZACHI267,China
ZAIND268,India
ZACHI269,China
ZAPOR270,Portugal
ZAMOR271,Morocco
ZABRA272,Brazil
ZACHI273,China
ZAIND274,India
ZACHI275,China
ZABAN276,Bangladesh
ZABAN277,Bangladesh
ZASPA278,Spain
ZABRA279,Brazil
ZATUR280,Turkey
ZAPOR281,Portugal
ZAIND282,India
ZACHI283,China
ZAMOR284,Morocco
ZAIND285,India
ZABAN286,Bangladesh
ZATUR287,Turkey
ZAPOR288,Portugal
ZABRA289,Brazil
ZASPA290,Spain
ZAPOR291,Portugal
ZABAN292,Bangladesh
ZACHI293,China
ZAPAK294,Pakistan
ZACHI295,China
ZAVIE296,Vietnam
ZASPA297,Spain
ZAIND298,India
ZABAN299,Bangladesh
ZAPOR300,Portugal
ZACAM301,Cambodia
ZABAN302,Bangladesh
ZABAN303,Bangladesh
ZAIND304,India
ZACHI305,China
ZABAN306,Bangladesh
ZATUR307,Turkey
ZACHI308,China
ZATUR309,Turkey
ZAVIE310,Vietnam
ZATUR311,Turkey
ZATUR312,Turkey
ZAMOR313,Morocco
ZASPA314,Spain
ZAIND315,India
ZABRA316,Brazil
ZAIND317,India
ZABAN318,Bangladesh
ZABAN319,Bangladesh
ZABAN320,Bangladesh
ZACHI321,China
ZASPA322,Spain
ZATUR323,Turkey
ZAMOR324,Morocco
ZACHI325,China
ZAIND326,India
ZABRA327,Brazil
ZAMOR328,Morocco
ZABAN329,Bangladesh
ZATUR330,Turkey
ZATUR331,Turkey
ZAIND332,India
ZATUR333,Turkey
ZACHI334,China
ZAMOR335,Morocco
ZABAN336,Bangladesh
ZAMOR337,Morocco
ZAIND338,India
ZAIND339,India
ZAMOR340,Morocco
ZABAN341,Bangladesh
ZASPA342,Spain
ZACHI343,China
ZAPOR344,Portugal
ZABRA345,Brazil
ZATUR346,Turkey
ZAARG347,Argentina
ZABAN348,Bangladesh
ZAVIE349,Vietnam
ZAMOR350,Morocco
ZACHI351,China
ZABAN352,Bangladesh
ZABAN353,Bangladesh
ZACHI354,China
ZAVIE355,Vietnam
ZATUR356,Turkey
ZACHI357,China
ZABAN358,Bangladesh
ZAPOR359,Portugal
ZACHI360,China
ZACHI361,China
ZABAN362,Bangladesh
ZABAN363,Bangladesh
ZABAN364,Bangladesh
ZABAN365,Bangladesh
ZAVIE366,Vietnam
ZABAN367,Bangladesh
ZATUR368,Turkey
ZABAN369,Bangladesh
ZAVIE370,Vietnam
ZAIND371,India
ZATUR372,Turkey
ZAIND373,India
ZAMOR374,Morocco
ZACHI375,China
ZACAM376,Cambodia
ZAARG377,Argentina
ZAMOR378,Morocco
ZAARG379,Argentina
ZAMOR380,Morocco
ZABAN381,Bangladesh
ZATUR382,Turkey
ZABAN383,Bangladesh
ZACHI384,China
ZABAN385,Bangladesh
ZABRA386,Brazil
ZACAM387,Cambodia
ZABAN388,Bangladesh
ZAPOR389,Portugal
ZABAN390,Bangladesh
ZAIND391,India
ZAIND392,India
ZAVIE393,Vietnam
ZATUR394,Turkey
ZAIND395,India
ZASPA396,Spain
ZATUR397,Turkey
ZABRA398,Brazil
ZAPOR399,Portugal
ZAVIE400,Vietnam
ZAPOR401,Portugal
ZAMOR402,Morocco
ZACAM403,Cambodia
ZABAN404,Bangladesh
ZASPA405,Spain
ZACHI406,China
ZAVIE407,Vietnam
ZASPA408,Spain
ZAMOR409,Morocco
ZAIND410,India
ZAMOR411,Morocco
ZAMOR412,Morocco
ZACHI413,China
ZACHI414,China
ZACHI415,China
ZAMOR416,Morocco
ZACHI417,China
ZABRA418,Brazil
ZAPAK419,Pakistan
ZAMOR420,Morocco
ZATUR421,Turkey
ZASPA422,Spain
ZACHI423,China
ZASPA424,Spain
ZACHI425,China
ZATUR426,Turkey
ZAPAK427,Pakistan
ZAIND428,India
ZACHI429,China
ZACAM430,Cambodia
ZAVIE431,Vietnam
ZACHI432,China
ZABAN433,Bangladesh
ZACHI434,China
ZATUR435,Turkey
ZAPOR436,Portugal
ZACAM437,Cambodia
ZABRA438,Brazil
ZABAN439,Bangladesh
ZAMOR440,Morocco
ZATUR441,Turkey
ZAMOR442,Morocco
ZABRA443,Brazil
ZACHI444,China
ZAPOR445,Portugal
ZACAM446,Cambodia
ZABAN447,Bangladesh
ZAIND448,India
ZACAM449,Cambodia
ZATUR450,Turkey
ZABAN451,Bangladesh
ZAPAK452,Pakistan
ZACHI453,China
ZACHI454,China
ZABRA455,Brazil
ZAMOR456,Morocco
ZABRA457,Brazil
ZAPOR458,Portugal
ZAMOR459,Morocco
ZAIND460,India
ZAMOR461,Morocco
ZACAM462,Cambodia
ZAIND463,India
ZAVIE464,Vietnam
ZAVIE465,Vietnam
ZATUR466,Turkey
ZABAN467,Bangladesh
ZAIND468,India
ZACHI469,China
ZABAN470,Bangladesh
ZACHI471,China
ZATUR472,Turkey
ZACHI473,China
ZAIND474,India
ZASPA475,Spain
ZASPA476,Spain
ZACHI477,China
ZAPOR478,Portugal
ZAMOR479,Morocco
ZAIND480,India
ZAVIE481,Vietnam
ZACHI482,China
ZABRA483,Brazil
ZAVIE484,Vietnam
ZABAN485,Bangladesh
ZABAN486,Bangladesh
ZACHI487,China
ZAIND488,India
ZACHI489,China
ZAVIE490,Vietnam
ZACHI491,China
ZAPOR492,Portugal
ZAIND493,India
ZAIND494,India
ZABAN495,Bangladesh
ZAVIE496,Vietnam
ZAIND497,India
ZATUR498,Turkey
ZABAN499,Bangladesh
ZACHI500,China
ZACAM501,Cambodia
ZATUR502,Turkey
ZAPAK503,Pakistan
ZACHI504,China
ZAIND505,India
ZABAN506,Bangladesh
ZAPOR507,Portugal
ZAVIE508,Vietnam
ZAMOR509,Morocco
ZABAN510,Bangladesh
ZACHI511,China
ZACHI512,China
ZABAN513,Bangladesh
ZATUR514,Turkey
ZAMOR515,Morocco
ZAMOR516,Morocco
ZAPOR517,Portugal
ZACHI518,China
ZACAM519,Cambodia
ZABAN520,Bangladesh
ZAVIE521,Vietnam
ZAIND522,India
ZASPA523,Spain
ZAVIE524,Vietnam
ZACHI525,China
ZAIND526,India
ZAVIE527,Vietnam
ZATUR528,Turkey
ZAIND529,India
ZATUR530,Turkey
ZAPOR531,Portugal
ZAVIE532,Vietnam
ZAIND533,India
ZABAN534,Bangladesh
ZACHI535,China
ZABAN536,Bangladesh
ZABAN537,Bangladesh
ZAMOR538,Morocco
ZACHI539,China
ZABAN540,Bangladesh
ZASPA541,Spain
ZACAM542,Cambodia
ZAIND543,India
ZAIND544,India
ZASPA545,Spain
ZACAM546,Cambodia
ZATUR547,Turkey
ZASPA548,Spain
ZATUR549,Turkey
ZABAN550,Bangladesh
ZAMOR551,Morocco
ZACAM552,Cambodia
ZATUR553,Turkey
ZAIND554,India
ZACHI555,China
ZAMOR556,Morocco
ZABAN557,Bangladesh
ZACHI558,China
ZABAN559,Bangladesh
ZABAN560,Bangladesh
ZATUR561,Turkey
ZAIND562,India
ZAIND563,India
ZAPAK564,Pakistan
ZACHI565,China
ZACHI566,China
ZABAN567,Bangladesh
ZAMOR568,Morocco
ZASPA569,Spain
ZATUR570,Turkey
ZACAM571,Cambodia
ZABAN572,Bangladesh
ZAMOR573,Morocco
ZAIND574,India
ZACHI575,China
ZAMOR576,Morocco
ZACHI577,China
ZAMOR578,Morocco
ZAPAK579,Pakistan
ZACHI580,China
ZABAN581,Bangladesh
ZABAN582,Bangladesh
ZABAN583,Bangladesh
ZAIND584,India
ZAPOR585,Portugal
ZASPA586,Spain
ZACAM587,Cambodia
ZACHI588,China
ZAIND589,India
ZATUR590,Turkey
ZAMOR591,Morocco
ZAPAK592,Pakistan
ZAMOR593,Morocco
ZAPOR594,Portugal
ZASPA595,Spain
ZACHI596,China
ZACHI597,China
ZACHI598,China
ZACHI599,China
ZACHI600,China
ZACHI601,China
ZACAM602,Cambodia
ZAVIE603,Vietnam
ZABAN604,Bangladesh
ZAVIE605,Vietnam
ZABRA606,Brazil
ZAIND607,India
ZABAN608,Bangladesh
ZATUR609,Turkey
ZAMOR610,Morocco
ZAIND611,India
ZAPAK612,Pakistan
ZABRA613,Brazil
ZATUR614,Turkey
ZAMOR615,Morocco
ZAPAK616,Pakistan
ZAPOR617,Portugal
ZACAM618,Cambodia
ZACAM619,Cambodia
ZACAM620,Cambodia
ZAIND621,India
ZACHI622,China
ZABAN623,Bangladesh
ZAPOR624,Portugal
ZATUR625,Turkey
ZABAN626,Bangladesh
ZAMOR627,Morocco
ZAPOR628,Portugal
ZAARG629,Argentina
ZABAN630,Bangladesh
ZAVIE631,Vietnam
ZABAN632,Bangladesh
ZABRA633,Brazil
ZAMOR634,Morocco
ZAPAK635,Pakistan
ZACAM636,Cambodia
ZASPA637,Spain
ZATUR638,Turkey
ZAPOR639,Portugal
ZAMOR640,Morocco
ZATUR641,Turkey
ZAPAK642,Pakistan
ZABAN643,Bangladesh
ZATUR644,Turkey
ZASPA645,Spain
ZAVIE646,Vietnam
ZACAM647,Cambodia
ZAIND648,India
ZABAN649,Bangladesh
ZATUR650,Turkey
ZATUR651,Turkey
ZACHI652,China
ZAIND653,India
ZAMOR654,Morocco
ZAPOR655,Portugal
ZABAN656,Bangladesh
ZATUR657,Turkey
ZAPOR658,Portugal
ZATUR659,Turkey
ZATUR660,Turkey
ZACHI661,China
ZAVIE662,Vietnam
ZACHI663,China
ZAVIE664,Vietnam
ZAPOR665,Portugal
ZACHI666,China
ZACHI667,China
ZABAN668,Bangladesh
ZATUR669,Turkey
ZACHI670,China
ZACHI671,China
ZACAM672,Cambodia
ZAMOR673,Morocco
ZAMOR674,Morocco
ZATUR675,Turkey
ZABAN676,Bangladesh
ZASPA677,Spain
ZACHI678,China
ZABAN679,Bangladesh
ZATUR680,Turkey
ZAVIE681,Vietnam
ZACHI682,China
ZACHI683,China
ZACHI684,China
ZATUR685,Turkey
ZAMOR686,Morocco
ZACHI687,China
ZATUR688,Turkey
ZACHI689,China
ZACHI690,China
ZAMOR691,Morocco
ZABAN692,Bangladesh
ZATUR693,Turkey
ZASPA694,Spain
ZACAM695,Cambodia
ZAIND696,India
ZAPOR697,Portugal
ZAPOR698,Portugal
ZABAN699,Bangladesh
ZATUR700,Turkey
ZASPA701,Spain
ZACHI702,China
ZABAN703,Bangladesh
ZACHI704,China
ZACHI705,China
ZASPA706,Spain
ZAPOR707,Portugal
ZACHI708,China
ZACHI709,China
ZABAN710,Bangladesh
ZAIND711,India
ZABAN712,Bangladesh
ZATUR713,Turkey
ZACHI714,China
ZAVIE715,Vietnam
ZABAN716,Bangladesh
ZAPOR717,Portugal
ZACHI718,China
ZATUR719,Turkey
ZAMOR720,Morocco
ZACHI721,China
ZAIND722,India
ZACHI723,China
ZABAN724,Bangladesh
ZAMOR725,Morocco
ZAIND726,India
ZAIND727,India
ZATUR728,Turkey
ZAPOR729,Portugal
ZAVIE730,Vietnam
ZATUR731,Turkey
ZASPA732,Spain
ZAARG733,Argentina
ZATUR734,Turkey
ZAMOR735,Morocco
ZACHI736,China
ZABAN737,Bangladesh
ZABAN738,Bangladesh
ZABAN739,Bangladesh
ZAIND740,India
ZACHI741,China
ZABAN742,Bangladesh
ZACHI743,China
ZABAN744,Bangladesh
ZABAN745,Bangladesh
ZACHI746,China
ZAIND747,India
ZACAM748,Cambodia
ZAMOR749,Morocco
ZATUR750,Turkey
ZAMOR751,Morocco
ZAIND752,India
ZABAN753,Bangladesh
ZACHI754,China
ZACHI755,China
ZABAN756,Bangladesh
ZABAN757,Bangladesh
ZABRA758,Brazil
ZABAN759,Bangladesh
ZABAN760,Bangladesh
ZABAN761,Bangladesh
ZABAN762,Bangladesh
ZABAN763,Bangladesh
ZAPOR764,Portugal
ZACAM765,Cambodia
ZATUR766,Turkey
ZACAM767,Cambodia
ZABAN768,Bangladesh
ZAPAK769,Pakistan
ZACHI770,China
ZABAN771,Bangladesh
ZASPA772,Spain
ZATUR773,Turkey
ZACHI774,China
ZAIND775,India
ZACAM776,Cambodia
ZABAN777,Bangladesh
ZASPA778,Spain
ZAIND779,India
ZAMOR780,Morocco
ZATUR781,Turkey
ZACAM782,Cambodia
ZACHI783,China
ZABAN784,Bangladesh
ZACHI785,China
ZAMOR786,Morocco
ZABAN787,Bangladesh
ZATUR788,Turkey
ZATUR789,Turkey
ZABAN790,Bangladesh
ZACHI791,China
ZAIND792,India
ZAMOR793,Morocco
ZAVIE794,Vietnam
ZAVIE795,Vietnam
ZABAN796,Bangladesh
ZATUR797,Turkey
ZAIND798,India
ZAIND799,India
ZATUR800,Turkey
ZASPA801,Spain
ZAMOR802,Morocco
ZABAN803,Bangladesh
ZAIND804,India
ZABAN805,Bangladesh
ZAPAK806,Pakistan
ZAVIE807,Vietnam
ZAPOR808,Portugal
ZAPOR809,Portugal
ZABAN810,Bangladesh
ZATUR811,Turkey
ZACHI812,China
ZAPAK813,Pakistan
ZATUR814,Turkey
ZASPA815,Spain
ZABAN816,Bangladesh
ZAIND817,India
ZACHI818,China
ZAIND819,India
ZAIND820,India
ZACHI821,China
ZAMOR822,Morocco
ZABAN823,Bangladesh
ZACHI824,China
ZAPOR825,Portugal
ZABAN826,Bangladesh
ZACHI827,China
ZAPOR828,Portugal
ZABAN829,Bangladesh
ZASPA830,Spain
ZABAN831,Bangladesh
ZABAN832,Bangladesh
ZAIND833,India
ZAPOR834,Portugal
ZAMOR835,Morocco
ZAVIE836,Vietnam
ZAPOR837,Portugal
ZAPOR838,Portugal
ZAMOR839,Morocco
ZABAN840,Bangladesh
ZACHI841,China
ZATUR842,Turkey
ZABAN843,Bangladesh
ZABAN844,Bangladesh
ZACHI845,China
ZACHI846,China
ZABAN847,Bangladesh
ZASPA848,Spain
ZACHI849,China
ZACAM850,Cambodia
ZABAN851,Bangladesh
ZABAN852,Bangladesh
ZAMOR853,Morocco
ZABAN854,Bangladesh
ZABRA855,Brazil
ZACHI856,China
ZABAN857,Bangladesh
ZAMOR858,Morocco
ZACAM859,Cambodia
ZASPA860,Spain
ZAVIE861,Vietnam
ZAPOR862,Portugal
ZAVIE863,Vietnam
ZAIND864,India
ZAIND865,India
ZATUR866,Turkey
ZAPOR867,Portugal
ZATUR868,Turkey
ZAVIE869,Vietnam
ZABAN870,Bangladesh
ZATUR871,Turkey
ZAVIE872,Vietnam
ZABAN873,Bangladesh
ZABRA874,Brazil
ZAMOR875,Morocco
ZAMOR876,Morocco
ZATUR877,Turkey
ZASPA878,Spain
ZASPA879,Spain
ZASPA880,Spain
ZAMOR881,Morocco
ZACAM882,Cambodia
ZAMOR883,Morocco
ZACHI884,China
ZASPA885,Spain
ZABAN886,Bangladesh
ZATUR887,Turkey
ZAPAK888,Pakistan
ZABRA889,Brazil
ZATUR890,Turkey
ZABAN891,Bangladesh
ZATUR892,Turkey
ZABAN893,Bangladesh
ZAIND894,India
ZABAN895,Bangladesh
ZAPAK896,Pakistan
ZACHI897,China
ZAIND898,India
ZABAN899,Bangladesh
ZAPOR900,Portugal
ZACAM901,Cambodia
ZAIND902,India
ZACHI903,China
ZATUR904,Turkey
ZACHI905,China
ZACAM906,Cambodia
ZAMOR907,Morocco
ZAMOR908,Morocco
ZAPOR909,Portugal
ZAMOR910,Morocco
ZAPAK911,Pakistan
ZACHI912,China
ZAIND913,India
ZABAN914,Bangladesh
ZAMOR915,Morocco
ZAMOR916,Morocco
ZATUR917,Turkey
ZACHI918,China
ZABAN919,Bangladesh
ZAMOR920,Morocco
ZABAN921,Bangladesh
ZAMOR922,Morocco
ZACHI923,China
ZACHI924,China
ZASPA925,Spain
ZATUR926,Turkey
ZAVIE927,Vietnam
ZACHI928,China
ZABAN929,Bangladesh
ZACHI930,China
ZAPOR931,Portugal
ZABAN932,Bangladesh
ZACAM933,Cambodia
ZABAN934,Bangladesh
ZABAN935,Bangladesh
ZAIND936,India
ZASPA937,Spain
ZASPA938,Spain
ZACHI939,China
ZACAM940,Cambodia
ZAVIE941,Vietnam
ZASPA942,Spain
ZABAN943,Bangladesh
ZAIND944,India
ZAMOR945,Morocco
ZAIND946,India
ZACHI947,China
ZABRA948,Brazil
ZABAN949,Bangladesh
ZACHI950,China
ZACHI951,China
ZABAN952,Bangladesh
ZAIND953,India
ZABAN954,Bangladesh
ZACAM955,Cambodia
ZAIND956,India
ZAPOR957,Portugal
ZACHI958,China
ZABAN959,Bangladesh
ZACHI960,China
ZAMOR961,Morocco
ZAIND962,India
ZABAN963,Bangladesh
ZACAM964,Cambodia
ZABAN965,Bangladesh
ZACAM966,Cambodia
ZAPAK967,Pakistan
ZACHI968,China
ZASPA969,Spain
ZAMOR970,Morocco
ZACHI971,China
ZAPAK972,Pakistan
ZABAN973,Bangladesh
ZABAN974,Bangladesh
ZAPAK975,Pakistan
ZACHI976,China
ZAMOR977,Morocco
ZAVIE978,Vietnam
ZABAN979,Bangladesh
ZACAM980,Cambodia
ZATUR981,Turkey
ZABRA982,Brazil
ZAIND983,India
ZAMOR984,Morocco
ZAMOR985,Morocco
ZABRA986,Brazil
ZAMOR987,Morocco
ZACHI988,China
ZAPOR989,Portugal
ZAMOR990,Morocco
ZAMOR991,Morocco
ZAVIE992,Vietnam
ZATUR993,Turkey
ZACAM994,Cambodia
ZATUR995,Turkey
ZACHI996,China
ZACHI997,China
ZACHI998,China
ZAMOR999,Morocco
ZAMOR1000,Morocco
ZATUR1001,Turkey
ZABAN1002,Bangladesh
ZABAN1003,Bangladesh
ZACHI1004,China
ZAMOR1005,Morocco
ZATUR1006,Turkey
ZACHI1007,China
ZAMOR1008,Morocco
ZACHI1009,China
ZACHI1010,China
ZATUR1011,Turkey
ZAVIE1012,Vietnam
ZABRA1013,Brazil
ZAPAK1014,Pakistan
ZASPA1015,Spain
ZACHI1016,China
ZATUR1017,Turkey
ZACHI1018,China
ZABAN1019,Bangladesh
ZAIND1020,India
ZABAN1021,Bangladesh
ZACHI1022,China
ZAMOR1023,Morocco
ZATUR1024,Turkey
ZAIND1025,India
ZABAN1026,Bangladesh
ZABAN1027,Bangladesh
ZACHI1028,China
ZAVIE1029,Vietnam
ZACHI1030,China
ZATUR1031,Turkey
ZASPA1032,Spain
ZAIND1033,India
ZABAN1034,Bangladesh
ZATUR1035,Turkey
ZACHI1036,China
ZAIND1037,India
ZAIND1038,India
ZATUR1039,Turkey
ZAMOR1040,Morocco
ZATUR1041,Turkey
ZACHI1042,China
ZAMOR1043,Morocco
ZATUR1044,Turkey
ZACHI1045,China
ZACHI1046,China
ZABAN1047,Bangladesh
ZACHI1048,China
ZATUR1049,Turkey
ZAIND1050,India
ZAVIE1051,Vietnam
ZAIND1052,India
ZACHI1053,China
ZACHI1054,China
ZAPAK1055,Pakistan
ZAVIE1056,Vietnam
ZAMOR1057,Morocco
ZACHI1058,China
ZACHI1059,China
ZABAN1060,Bangladesh
ZAPAK1061,Pakistan
ZABRA1062,Brazil
ZABAN1063,Bangladesh
ZABAN1064,Bangladesh
ZAIND1065,India
ZABAN1066,Bangladesh
ZACHI1067,China
ZAVIE1068,Vietnam
ZATUR1069,Turkey
ZAVIE1070,Vietnam
ZABRA1071,Brazil
ZACAM1072,Cambodia
ZACHI1073,China
ZASPA1074,Spain
ZACHI1075,China
ZACHI1076,China
ZAIND1077,India
ZAMOR1078,Morocco
ZAIND1079,India
ZAIND1080,India
ZATUR1081,Turkey
ZACHI1082,China
ZACAM1083,Cambodia
ZATUR1084,Turkey
ZAVIE1085,Vietnam
ZAPAK1086,Pakistan
ZATUR1087,Turkey
ZABRA1088,Brazil
ZAPOR1089,Portugal
ZAPOR1090,Portugal
ZABAN1091,Bangladesh
ZATUR1092,Turkey
ZACHI1093,China
ZAIND1094,India
ZAPOR1095,Portugal
ZAMOR1096,Morocco
ZABRA1097,Brazil
ZACAM1098,Cambodia
ZAVIE1099,Vietnam
ZAVIE1100,Vietnam
ZASPA1101,Spain
ZABAN1102,Bangladesh
ZAVIE1103,Vietnam
ZACHI1104,China
ZATUR1105,Turkey
ZASPA1106,Spain
ZATUR1107,Turkey
ZABAN1108,Bangladesh
ZAMOR1109,Morocco
ZACAM1110,Cambodia
ZACHI1111,China
ZAPOR1112,Portugal
ZABAN1113,Bangladesh
ZACHI1114,China
ZAMOR1115,Morocco
ZACHI1116,China
ZAPOR1117,Portugal
ZACHI1118,China
ZABAN1119,Bangladesh
ZABAN1120,Bangladesh
ZAMOR1121,Morocco
ZABAN1122,Bangladesh
ZABAN1123,Bangladesh
ZACHI1124,China
ZASPA1125,Spain
ZAIND1126,India
ZACHI1127,China
ZAIND1128,India
ZATUR1129,Turkey
ZABAN1130,Bangladesh
ZATUR1131,Turkey
ZAIND1132,India
ZAPOR1133,Portugal
ZABAN1134,Bangladesh
ZACHI1135,China
ZACAM1136,Cambodia
ZAPOR1137,Portugal
ZAIND1138,India
ZABAN1139,Bangladesh
ZACHI1140,China
ZABAN1141,Bangladesh
ZACHI1142,China
ZATUR1143,Turkey
ZAPOR1144,Portugal
ZAPAK1145,Pakistan
ZATUR1146,Turkey
ZAVIE1147,Vietnam
ZAVIE1148,Vietnam
ZABAN1149,Bangladesh
ZACAM1150,Cambodia
ZASPA1151,Spain
ZABAN1152,Bangladesh
ZASPA1153,Spain
ZACHI1154,China
ZACAM1155,Cambodia
ZACHI1156,China
ZAVIE1157,Vietnam
ZASPA1158,Spain
ZATUR1159,Turkey
ZAMOR1160,Morocco
ZASPA1161,Spain
ZACAM1162,Cambodia
ZACAM1163,Cambodia
ZAMOR1164,Morocco
ZAPOR1165,Portugal
ZASPA1166,Spain
ZABAN1167,Bangladesh
ZAMOR1168,Morocco
ZACHI1169,China
ZABAN1170,Bangladesh
ZABAN1171,Bangladesh
ZASPA1172,Spain
ZATUR1173,Turkey
ZAIND1174,India
ZABAN1175,Bangladesh
ZACHI1176,China
ZATUR1177,Turkey
ZATUR1178,Turkey
ZAPOR1179,Portugal
ZASPA1180,Spain
ZAMOR1181,Morocco
ZAIND1182,India
ZABAN1183,Bangladesh
ZACHI1184,China
ZASPA1185,Spain
ZABAN1186,Bangladesh
ZAPAK1187,Pakistan
ZAPOR1188,Portugal
ZACHI1189,China
ZABAN1190,Bangladesh
ZACAM1191,Cambodia
ZATUR1192,Turkey
ZAMOR1193,Morocco
ZACHI1194,China
ZATUR1195,Turkey
ZAMOR1196,Morocco
ZACHI1197,China
ZAVIE1198,Vietnam
ZABAN1199,Bangladesh
ZAPAK1200,Pakistan
ZAMOR1201,Morocco
ZAPAK1202,Pakistan
ZABAN1203,Bangladesh
ZACHI1204,China
ZASPA1205,Spain
ZATUR1206,Turkey
ZACHI1207,China
ZASPA1208,Spain
ZACHI1209,China
ZACHI1210,China
ZAMOR1211,Morocco
ZAIND1212,India
ZABAN1213,Bangladesh
ZATUR1214,Turkey
ZATUR1215,Turkey
ZACHI1216,China
ZAMOR1217,Morocco
ZACHI1218,China
ZAVIE1219,Vietnam
ZABRA1220,Brazil
ZACHI1221,China
ZACHI1222,China
ZATUR1223,Turkey
ZABRA1224,Brazil
ZAPAK1225,Pakistan
ZACHI1226,China
ZABAN1227,Bangladesh
ZABAN1228,Bangladesh
ZACHI1229,China
ZAPOR1230,Portugal
ZACHI1231,China
ZABAN1232,Bangladesh
ZABAN1233,Bangladesh
ZABAN1234,Bangladesh
ZAPOR1235,Portugal
ZATUR1236,Turkey
ZAARG1237,Argentina
ZABAN1238,Bangladesh
ZACHI1239,China
ZASPA1240,Spain
ZATUR1241,Turkey
ZASPA1242,Spain
ZAPOR1243,Portugal
ZACHI1244,China
ZABAN1245,Bangladesh
ZATUR1246,Turkey
ZACHI1247,China
ZABRA1248,Brazil
ZAVIE1249,Vietnam
ZACHI1250,China
ZACAM1251,Cambodia
ZACHI1252,China
ZAIND1253,India
ZATUR1254,Turkey
ZACHI1255,China
ZATUR1256,Turkey
ZAVIE1257,Vietnam
ZAPOR1258,Portugal
ZAIND1259,India
ZAARG1260,Argentina
ZAPOR1261,Portugal
ZAPOR1262,Portugal
ZAARG1263,Argentina
ZACAM1264,Cambodia
ZASPA1265,Spain
ZAIND1266,India
ZAMOR1267,Morocco
ZATUR1268,Turkey
ZAPAK1269,Pakistan
ZACHI1270,China
ZATUR1271,Turkey
ZABAN1272,Bangladesh
ZAPOR1273,Portugal
ZAPOR1274,Portugal
ZAVIE1275,Vietnam
ZACHI1276,China
ZAMOR1277,Morocco
ZACHI1278,China
ZAPOR1279,Portugal
ZAPOR1280,Portugal
ZATUR1281,Turkey
ZAIND1282,India
ZAPAK1283,Pakistan
ZABAN1284,Bangladesh
ZAIND1285,India
ZATUR1286,Turkey
ZABRA1287,Brazil
ZATUR1288,Turkey
ZAMOR1289,Morocco
ZACAM1290,Cambodia
ZATUR1291,Turkey
ZAPAK1292,Pakistan
ZAPAK1293,Pakistan
ZATUR1294,Turkey
ZAIND1295,India
ZAVIE1296,Vietnam
ZASPA1297,Spain
ZAIND1298,India
ZAMOR1299,Morocco
ZAMOR1300,Morocco
ZAPOR1301,Portugal
ZABAN1302,Bangladesh
ZAIND1303,India
ZATUR1304,Turkey
ZACHI1305,China
ZAVIE1306,Vietnam
ZASPA1307,Spain
ZAVIE1308,Vietnam
ZACHI1309,China
ZATUR1310,Turkey
ZACAM1311,Cambodia
ZABAN1312,Bangladesh
ZAPAK1313,Pakistan
ZASPA1314,Spain
ZAPOR1315,Portugal
ZABAN1316,Bangladesh
ZATUR1317,Turkey
ZACAM1318,Cambodia
ZAIND1319,India
ZACHI1320,China
ZABAN1321,Bangladesh
ZAIND1322,India
ZAMOR1323,Morocco
ZABAN1324,Bangladesh
ZACHI1325,China
ZAPOR1326,Portugal
ZABRA1327,Brazil
ZAIND1328,India
ZACHI1329,China
ZAIND1330,India
ZACHI1331,China
ZAMOR1332,Morocco
ZACHI1333,China
ZABAN1334,Bangladesh
ZAIND1335,India
ZASPA1336,Spain
ZASPA1337,Spain
ZACAM1338,Cambodia
ZACHI1339,China
ZABAN1340,Bangladesh
ZATUR1341,Turkey
ZAMOR1342,Morocco
ZATUR1343,Turkey
ZAIND1344,India
ZABAN1345,Bangladesh
ZAMOR1346,Morocco
ZAMOR1347,Morocco
ZABRA1348,Brazil
ZAIND1349,India
ZASPA1350,Spain
ZABAN1351,Bangladesh
ZABAN1352,Bangladesh
ZACHI1353,China
ZABAN1354,Bangladesh
ZACAM1355,Cambodia
ZABAN1356,Bangladesh
ZACHI1357,China
ZAPAK1358,Pakistan
ZAMOR1359,Morocco
ZABAN1360,Bangladesh
ZAPOR1361,Portugal
ZACHI1362,China
ZACHI1363,China
ZAPOR1364,Portugal
ZAMOR1365,Morocco
ZACHI1366,China
ZASPA1367,Spain
ZABAN1368,Bangladesh
ZAVIE1369,Vietnam
ZATUR1370,Turkey
ZACHI1371,China
ZACHI1372,China
ZAMOR1373,Morocco
ZAPAK1374,Pakistan
ZASPA1375,Spain
ZABAN1376,Bangladesh
ZABAN1377,Bangladesh
ZASPA1378,Spain
ZABAN1379,Bangladesh
ZAVIE1380,Vietnam
ZASPA1381,Spain
ZABAN1382,Bangladesh
ZATUR1383,Turkey
ZATUR1384,Turkey
ZATUR1385,Turkey
ZACHI1386,China
ZABAN1387,Bangladesh
ZAPOR1388,Portugal
ZAMOR1389,Morocco
ZAPOR1390,Portugal
ZASPA1391,Spain
ZABAN1392,Bangladesh
ZATUR1393,Turkey
ZATUR1394,Turkey
ZATUR1395,Turkey
ZAVIE1396,Vietnam
ZABAN1397,Bangladesh
ZATUR1398,Turkey
ZACHI1399,China
ZABAN1400,Bangladesh
ZACHI1401,China
ZACHI1402,China
ZAIND1403,India
ZASPA1404,Spain
ZAIND1405,India
ZAMOR1406,Morocco
ZAIND1407,India
ZABAN1408,Bangladesh
ZAMOR1409,Morocco
ZAPOR1410,Portugal
ZACHI1411,China
ZATUR1412,Turkey
ZABRA1413,Brazil
ZACHI1414,China
ZATUR1415,Turkey
ZACHI1416,China
ZAIND1417,India
ZAMOR1418,Morocco
ZACHI1419,China
ZATUR1420,Turkey
ZACHI1421,China
ZAPOR1422,Portugal
ZAPOR1423,Portugal
ZACHI1424,China
ZACHI1425,China
ZACHI1426,China
ZACHI1427,China
ZAVIE1428,Vietnam
ZACAM1429,Cambodia
ZASPA1430,Spain
ZASPA1431,Spain
ZASPA1432,Spain
ZACHI1433,China
ZAMOR1434,Morocco
ZACAM1435,Cambodia
ZAIND1436,India
ZACHI1437,China
ZABAN1438,Bangladesh
ZACHI1439,China
ZAPAK1440,Pakistan
ZABRA1441,Brazil
ZASPA1442,Spain
ZATUR1443,Turkey
ZAIND1444,India
ZATUR1445,Turkey
ZACHI1446,China
ZACHI1447,China
ZACHI1448,China
ZATUR1449,Turkey
ZAIND1450,India
ZACHI1451,China
ZAIND1452,India
ZATUR1453,Turkey
ZAMOR1454,Morocco
ZAMOR1455,Morocco
ZAIND1456,India
ZABAN1457,Bangladesh
ZATUR1458,Turkey
ZAIND1459,India
ZACHI1460,China
ZAPOR1461,Portugal
ZABAN1462,Bangladesh
ZAPAK1463,Pakistan
ZATUR1464,Turkey
ZABAN1465,Bangladesh
ZAMOR1466,Morocco
ZABAN1467,Bangladesh
ZAPOR1468,Portugal
ZAPAK1469,Pakistan
ZACAM1470,Cambodia
ZAPOR1471,Portugal
ZAIND1472,India
ZATUR1473,Turkey
ZACHI1474,China
ZASPA1475,Spain
ZATUR1476,Turkey
ZATUR1477,Turkey
ZAMOR1478,Morocco
ZABAN1479,Bangladesh
ZAARG1480,Argentina
ZABAN1481,Bangladesh
ZAPAK1482,Pakistan
ZAIND1483,India
ZACHI1484,China
ZAMOR1485,Morocco
ZABAN1486,Bangladesh
ZABAN1487,Bangladesh
ZABAN1488,Bangladesh
ZABRA1489,Brazil
ZABAN1490,Bangladesh
ZAMOR1491,Morocco
ZAIND1492,India
ZAIND1493,India
ZACHI1494,China
ZACHI1495,China
ZAMOR1496,Morocco
ZAVIE1497,Vietnam
ZAPOR1498,Portugal
ZATUR1499,Turkey
ZAIND1500,India
ZAVIE1501,Vietnam
ZAVIE1502,Vietnam
ZACAM1503,Cambodia
ZAIND1504,India
ZACHI1505,China
ZATUR1506,Turkey
ZATUR1507,Turkey
ZACHI1508,China
ZABAN1509,Bangladesh
ZAMOR1510,Morocco
ZACHI1511,China
ZABAN1512,Bangladesh
ZATUR1513,Turkey
ZACHI1514,China
ZAIND1515,India
ZABAN1516,Bangladesh
ZAMOR1517,Morocco
ZACAM1518,Cambodia
ZAMOR1519,Morocco
ZATUR1520,Turkey
ZABRA1521,Brazil
ZACHI1522,China
ZACHI1523,China
ZASPA1524,Spain
ZATUR1525,Turkey
ZASPA1526,Spain
ZAVIE1527,Vietnam
ZATUR1528,Turkey
ZACHI1529,China
ZAIND1530,India
ZAPAK1531,Pakistan
ZAIND1532,India
ZAPAK1533,Pakistan
ZASPA1534,Spain
ZATUR1535,Turkey
ZATUR1536,Turkey
ZABAN1537,Bangladesh
ZAMOR1538,Morocco
ZABAN1539,Bangladesh
ZAMOR1540,Morocco
ZATUR1541,Turkey
ZACAM1542,Cambodia
ZACHI1543,China
ZACAM1544,Cambodia
ZATUR1545,Turkey
ZABRA1546,Brazil
ZAIND1547,India
ZABAN1548,Bangladesh
ZACHI1549,China
ZAPOR1550,Portugal
ZABAN1551,Bangladesh
ZAPOR1552,Portugal
ZAPOR1553,Portugal
ZAMOR1554,Morocco
ZACAM1555,Cambodia
ZABAN1556,Bangladesh
ZAMOR1557,Morocco
ZABAN1558,Bangladesh
ZAMOR1559,Morocco
ZABAN1560,Bangladesh
ZABAN1561,Bangladesh
ZABAN1562,Bangladesh
ZABAN1563,Bangladesh
ZABAN1564,Bangladesh
ZACHI1565,China
ZABAN1566,Bangladesh
ZAIND1567,India
ZASPA1568,Spain
ZABAN1569,Bangladesh
ZATUR1570,Turkey
ZABAN1571,Bangladesh
ZABAN1572,Bangladesh
ZABAN1573,Bangladesh
ZATUR1574,Turkey
ZASPA1575,Spain
ZAIND1576,India
ZABAN1577,Bangladesh
ZABAN1578,Bangladesh
ZAVIE1579,Vietnam
ZATUR1580,Turkey
ZATUR1581,Turkey
ZASPA1582,Spain
ZAVIE1583,Vietnam
ZATUR1584,Turkey
ZATUR1585,Turkey
ZACHI1586,China
ZATUR1587,Turkey
ZATUR1588,Turkey
ZATUR1589,Turkey
ZACHI1590,China
ZABAN1591,Bangladesh
ZAPOR1592,Portugal
ZACHI1593,China
ZAIND1594,India
ZAPAK1595,Pakistan
ZAMOR1596,Morocco
ZABAN1597,Bangladesh
ZAIND1598,India
ZAVIE1599,Vietnam
