brand_id,brand_name
ZABRA4,Zara
ZATUR5,Zara
ZAMOR6,Zara
ZACHI7,Zara
ZACHI8,Zara
ZATUR9,Zara
ZACHI10,Zara
ZAPOR11,Zara
ZAIND12,Zara
ZACHI13,Zara
ZACHI14,Zara
ZAPOR15,Zara
ZAPOR16,Zara
ZABAN17,Zara
ZACHI18,Zara
ZAIND19,Zara
ZAPOR20,Zara
ZAIND21,Zara
ZAMOR22,Zara
ZABAN23,Zara
ZACHI24,Zara
ZABAN25,Zara
ZAVIE26,Zara
ZASPA27,Zara
ZABRA28,Zara
ZAIND29,Zara
ZACAM30,Zara
ZAIND31,Zara
ZABAN32,Zara
ZACHI33,Zara
ZACHI34,Zara
ZABAN35,Zara
ZASPA36,Zara
ZATUR37,Zara
ZAIND38,Zara
ZAVIE39,Zara
ZACAM40,Zara
ZASPA41,Zara
ZAVIE42,Zara
ZABAN43,Zara
ZABAN44,Zara
ZACHI45,Zara
ZASPA46,Zara
ZAARG47,Zara
ZATUR48,Zara
ZAARG49,Zara
ZAMOR50,Zara
ZAIND51,Zara
ZAARG52,Zara
ZAIND53,Zara
ZAMOR54,Zara
ZABAN55,Zara
ZACAM56,Zara
ZACHI57,Zara
ZABAN58,Zara
ZAVIE59,Zara
ZATUR60,Zara
ZAIND61,Zara
ZABAN62,Zara
ZASPA63,Zara
ZAPOR64,Zara
ZATUR65,Zara
ZAVIE66,Zara
ZACHI67,Zara
ZACAM68,Zara
ZAIND69,Zara
ZATUR70,Zara
ZACHI71,Zara
ZATUR72,Zara
ZACAM73,Zara
ZACHI74,Zara
ZAIND75,Zara
ZACHI76,Zara
ZABAN77,Zara
ZACHI78,Zara
ZAPOR79,Zara
ZATUR80,Zara
ZASPA81,Zara
ZACHI82,Zara
ZABAN83,Zara
ZATUR84,Zara
ZABRA85,Zara
ZACHI86,Zara
ZASPA87,Zara
ZASPA88,Zara
ZAVIE89,Zara
ZABAN90,Zara
ZABAN91,Zara
ZACHI92,Zara
ZACHI93,Zara
ZACHI94,Zara
ZATUR95,Zara
ZASPA96,Zara
ZATUR97,Zara
ZASPA98,Zara
ZABAN99,Zara
ZAMOR100,Zara
ZAIND101,Zara
ZACHI102,Zara
ZAIND103,Zara
ZASPA104,Zara
ZAIND105,Zara
ZAVIE106,Zara
ZAPOR107,Zara
ZABAN108,Zara
ZAIND109,Zara
ZABRA110,Zara
ZAMOR111,Zara
ZASPA112,Zara
ZATUR113,Zara
ZACHI114,Zara
ZABAN115,Zara
ZABAN116,Zara
ZAPOR117,Zara
ZABAN118,Zara
ZASPA119,Zara
ZACHI120,Zara
ZACHI121,Zara
ZAIND122,Zara
ZAMOR123,Zara
ZABAN124,Zara
ZACAM125,Zara
ZACHI126,Zara
ZASPA127,Zara
ZABAN128,Zara
ZACAM129,Zara
ZAVIE130,Zara
ZATUR131,Zara
ZABAN132,Zara
ZAPOR133,Zara
ZABAN134,Zara
ZATUR135,Zara
ZAIND136,Zara
ZABAN137,Zara
ZABAN138,Zara
ZAIND139,Zara
ZABAN140,Zara
ZAPOR141,Zara
ZATUR142,Zara
ZACHI143,Zara
ZAPOR144,Zara
ZACHI145,Zara
ZAVIE146,Zara
ZAMOR147,Zara
ZAIND148,Zara
ZAVIE149,Zara
ZACHI150,Zara
ZABAN151,Zara
ZACAM152,Zara
ZAIND153,Zara
ZAVIE154,Zara
ZABRA155,Zara
ZABAN156,Zara
ZASPA157,Zara
ZATUR158,Zara
ZAPOR159,Zara
ZACHI160,Zara
ZAIND161,Zara
ZATUR162,Zara
ZATUR163,Zara
ZACHI164,Zara
ZAIND165,Zara
ZAPOR166,Zara
ZATUR167,Zara
ZAPAK168,Zara
ZACHI169,Zara
ZAIND170,Zara
ZAMOR171,Zara
ZAIND172,Zara
ZACHI173,Zara
ZATUR174,Zara
ZAVIE175,Zara
ZACHI176,Zara
ZABAN177,Zara
ZAPOR178,Zara
ZAIND179,Zara
ZABAN180,Zara
ZACHI181,Zara
ZACHI182,Zara
ZASPA183,Zara
ZABAN184,Zara
ZAIND185,Zara
ZAPOR186,Zara
ZASPA187,Zara
ZACHI188,Zara
ZATUR189,Zara
ZAMOR190,Zara
ZACHI191,Zara
ZAPOR192,Zara
ZAVIE193,Zara
ZABAN194,Zara
ZATUR195,Zara
ZACHI196,Zara
ZAMOR197,Zara
ZABRA198,Zara
ZAIND199,Zara
ZABAN200,Zara
ZACHI201,Zara
ZACAM202,Zara
ZAARG203,Zara
ZASPA204,Zara
ZAIND205,Zara
ZABAN206,Zara
ZABAN207,Zara
ZABRA208,Zara
ZAPOR209,Zara
ZABAN210,Zara
ZACAM211,Zara
ZAIND212,Zara
ZACAM213,Zara
ZAIND214,Zara
ZAMOR215,Zara
ZACHI216,Zara
ZACHI217,Zara
ZACHI218,Zara
ZAMOR219,Zara
ZAMOR220,Zara
ZATUR221,Zara
ZAPOR222,Zara
ZAMOR223,Zara
ZAIND224,Zara
ZATUR225,Zara
ZAPOR226,Zara
ZACAM227,Zara
ZABAN228,Zara
ZACHI229,Zara
ZAVIE230,Zara
ZASPA231,Zara
ZAPAK232,Zara
ZAVIE233,Zara
ZACHI234,Zara
ZAPOR235,Zara
ZAMOR236,Zara
ZAVIE237,Zara
ZAIND238,Zara
ZABAN239,Zara
ZASPA240,Zara
ZAIND241,Zara
ZAMOR242,Zara
ZABAN243,Zara
ZABRA244,Zara
ZAIND245,Zara
ZAVIE246,Zara
ZAPOR247,Zara
ZABAN248,Zara
ZAIND249,Zara
ZABAN250,Zara
ZASPA251,Zara
ZABAN252,Zara
ZAMOR253,Zara
ZAVIE254,Zara
ZATUR255,Zara
ZAPAK256,Zara
ZAPOR257,Zara
ZAMOR258,Zara
ZATUR259,Zara
ZAPOR260,Zara
ZAPOR261,Zara
ZACHI262,Zara
ZATUR263,Zara
ZABAN264,Zara
ZATUR265,Zara
ZAPOR266,Zara
ZACHI267,Zara
ZAIND268,Zara
ZACHI269,Zara
ZAPOR270,Zara
ZAMOR271,Zara
ZABRA272,Zara
ZACHI273,Zara
ZAIND274,Zara
ZACHI275,Zara
ZABAN276,Zara
ZABAN277,Zara
ZASPA278,Zara
ZABRA279,Zara
ZATUR280,Zara
ZAPOR281,Zara
ZAIND282,Zara
ZACHI283,Zara
ZAMOR284,Zara
ZAIND285,Zara
ZABAN286,Zara
ZATUR287,Zara
ZAPOR288,Zara
ZABRA289,Zara
ZASPA290,Zara
ZAPOR291,Zara
ZABAN292,Zara
ZACHI293,Zara
ZAPAK294,Zara
ZACHI295,Zara
ZAVIE296,Zara
ZASPA297,Zara
ZAIND298,Zara
ZABAN299,Zara
ZAPOR300,Zara
ZACAM301,Zara
ZABAN302,Zara
ZABAN303,Zara
ZAIND304,Zara
ZACHI305,Zara
ZABAN306,Zara
ZATUR307,Zara
ZACHI308,Zara
ZATUR309,Zara
ZAVIE310,Zara
ZATUR311,Zara
ZATUR312,Zara
ZAMOR313,Zara
ZASPA314,Zara
ZAIND315,Zara
ZABRA316,Zara
ZAIND317,Zara
ZABAN318,Zara
ZABAN319,Zara
ZABAN320,Zara
ZACHI321,Zara
ZASPA322,Zara
ZATUR323,Zara
ZAMOR324,Zara
ZACHI325,Zara
ZAIND326,Zara
ZABRA327,Zara
ZAMOR328,Zara
ZABAN329,Zara
ZATUR330,Zara
ZATUR331,Zara
ZAIND332,Zara
ZATUR333,Zara
ZACHI334,Zara
ZAMOR335,Zara
ZABAN336,Zara
ZAMOR337,Zara
ZAIND338,Zara
ZAIND339,Zara
ZAMOR340,Zara
ZABAN341,Zara
ZASPA342,Zara
ZACHI343,Zara
ZAPOR344,Zara
ZABRA345,Zara
ZATUR346,Zara
ZAARG347,Zara
ZABAN348,Zara
ZAVIE349,Zara
ZAMOR350,Zara
ZACHI351,Zara
ZABAN352,Zara
ZABAN353,Zara
ZACHI354,Zara
ZAVIE355,Zara
ZATUR356,Zara
ZACHI357,Zara
ZABAN358,Zara
ZAPOR359,Zara
ZACHI360,Zara
ZACHI361,Zara
ZABAN362,Zara
ZABAN363,Zara
ZABAN364,Zara
ZABAN365,Zara
ZAVIE366,Zara
ZABAN367,Zara
ZATUR368,Zara
ZABAN369,Zara
ZAVIE370,Zara
ZAIND371,Zara
ZATUR372,Zara
ZAIND373,Zara
ZAMOR374,Zara
ZACHI375,Zara
ZACAM376,Zara
ZAARG377,Zara
ZAMOR378,Zara
ZAARG379,Zara
ZAMOR380,Zara
ZABAN381,Zara
ZATUR382,Zara
ZABAN383,Zara
ZACHI384,Zara
ZABAN385,Zara
ZABRA386,Zara
ZACAM387,Zara
ZABAN388,Zara
ZAPOR389,Zara
ZABAN390,Zara
ZAIND391,Zara
ZAIND392,Zara
ZAVIE393,Zara
ZATUR394,Zara
ZAIND395,Zara
ZASPA396,Zara
ZATUR397,Zara
ZABRA398,Zara
ZAPOR399,Zara
ZAVIE400,Zara
ZAPOR401,Zara
ZAMOR402,Zara
ZACAM403,Zara
ZABAN404,Zara
ZASPA405,Zara
ZACHI406,Zara
ZAVIE407,Zara
ZASPA408,Zara
ZAMOR409,Zara
ZAIND410,Zara
ZAMOR411,Zara
ZAMOR412,Zara
ZACHI413,Zara
ZACHI414,Zara
ZACHI415,Zara
ZAMOR416,Zara
ZACHI417,Zara
ZABRA418,Zara
ZAPAK419,Zara
ZAMOR420,Zara
ZATUR421,Zara
ZASPA422,Zara
ZACHI423,Zara
ZASPA424,Zara
ZACHI425,Zara
ZATUR426,Zara
ZAPAK427,Zara
ZAIND428,Zara
ZACHI429,Zara
ZACAM430,Zara
ZAVIE431,Zara
ZACHI432,Zara
ZABAN433,Zara
ZACHI434,Zara
ZATUR435,Zara
ZAPOR436,Zara
ZACAM437,Zara
ZABRA438,Zara
ZABAN439,Zara
ZAMOR440,Zara
ZATUR441,Zara
ZAMOR442,Zara
ZABRA443,Zara
ZACHI444,Zara
ZAPOR445,Zara
ZACAM446,Zara
ZABAN447,Zara
ZAIND448,Zara
ZACAM449,Zara
ZATUR450,Zara
ZABAN451,Zara
ZAPAK452,Zara
ZACHI453,Zara
ZACHI454,Zara
ZABRA455,Zara
ZAMOR456,Zara
ZABRA457,Zara
ZAPOR458,Zara
ZAMOR459,Zara
ZAIND460,Zara
ZAMOR461,Zara
ZACAM462,Zara
ZAIND463,Zara
ZAVIE464,Zara
ZAVIE465,Zara
ZATUR466,Zara
ZABAN467,Zara
ZAIND468,Zara
ZACHI469,Zara
ZABAN470,Zara
ZACHI471,Zara
ZATUR472,Zara
ZACHI473,Zara
ZAIND474,Zara
ZASPA475,Zara
ZASPA476,Zara
ZACHI477,Zara
ZAPOR478,Zara
ZAMOR479,Zara
ZAIND480,Zara
ZAVIE481,Zara
ZACHI482,Zara
ZABRA483,Zara
ZAVIE484,Zara
ZABAN485,Zara
ZABAN486,Zara
ZACHI487,Zara
ZAIND488,Zara
ZACHI489,Zara
ZAVIE490,Zara
ZACHI491,Zara
ZAPOR492,Zara
ZAIND493,Zara
ZAIND494,Zara
ZABAN495,Zara
ZAVIE496,Zara
ZAIND497,Zara
ZATUR498,Zara
ZABAN499,Zara
ZACHI500,Zara
ZACAM501,Zara
ZATUR502,Zara
ZAPAK503,Zara
ZACHI504,Zara
ZAIND505,Zara
ZABAN506,Zara
ZAPOR507,Zara
ZAVIE508,Zara
ZAMOR509,Zara
ZABAN510,Zara
ZACHI511,Zara
ZACHI512,Zara
ZABAN513,Zara
ZATUR514,Zara
ZAMOR515,Zara
ZAMOR516,Zara
ZAPOR517,Zara
ZACHI518,Zara
ZACAM519,Zara
ZABAN520,Zara
ZAVIE521,Zara
ZAIND522,Zara
ZASPA523,Zara
ZAVIE524,Zara
ZACHI525,Zara
ZAIND526,Zara
ZAVIE527,Zara
ZATUR528,Zara
ZAIND529,Zara
ZATUR530,Zara
ZAPOR531,Zara
ZAVIE532,Zara
ZAIND533,Zara
ZABAN534,Zara
ZACHI535,Zara
ZABAN536,Zara
ZABAN537,Zara
ZAMOR538,Zara
ZACHI539,Zara
ZABAN540,Zara
ZASPA541,Zara
ZACAM542,Zara
ZAIND543,Zara
ZAIND544,Zara
ZASPA545,Zara
ZACAM546,Zara
ZATUR547,Zara
ZASPA548,Zara
ZATUR549,Zara
ZABAN550,Zara
ZAMOR551,Zara
ZACAM552,Zara
ZATUR553,Zara
ZAIND554,Zara
ZACHI555,Zara
ZAMOR556,Zara
ZABAN557,Zara
ZACHI558,Zara
ZABAN559,Zara
ZABAN560,Zara
ZATUR561,Zara
ZAIND562,Zara
ZAIND563,Zara
ZAPAK564,Zara
ZACHI565,Zara
ZACHI566,Zara
ZABAN567,Zara
ZAMOR568,Zara
ZASPA569,Zara
ZATUR570,Zara
ZACAM571,Zara
ZABAN572,Zara
ZAMOR573,Zara
ZAIND574,Zara
ZACHI575,Zara
ZAMOR576,Zara
ZACHI577,Zara
ZAMOR578,Zara
ZAPAK579,Zara
ZACHI580,Zara
ZABAN581,Zara
ZABAN582,Zara
ZABAN583,Zara
ZAIND584,Zara
ZAPOR585,Zara
ZASPA586,Zara
ZACAM587,Zara
ZACHI588,Zara
ZAIND589,Zara
ZATUR590,Zara
ZAMOR591,Zara
ZAPAK592,Zara
ZAMOR593,Zara
ZAPOR594,Zara
ZASPA595,Zara
ZACHI596,Zara
ZACHI597,Zara
ZACHI598,Zara
ZACHI599,Zara
ZACHI600,Zara
ZACHI601,Zara
ZACAM602,Zara
ZAVIE603,Zara
ZABAN604,Zara
ZAVIE605,Zara
ZABRA606,Zara
ZAIND607,Zara
ZABAN608,Zara
ZATUR609,Zara
ZAMOR610,Zara
ZAIND611,Zara
ZAPAK612,Zara
ZABRA613,Zara
ZATUR614,Zara
ZAMOR615,Zara
ZAPAK616,Zara
ZAPOR617,Zara
ZACAM618,Zara
ZACAM619,Zara
ZACAM620,Zara
ZAIND621,Zara
ZACHI622,Zara
ZABAN623,Zara
ZAPOR624,Zara
ZATUR625,Zara
ZABAN626,Zara
ZAMOR627,Zara
ZAPOR628,Zara
ZAARG629,Zara
ZABAN630,Zara
ZAVIE631,Zara
ZABAN632,Zara
ZABRA633,Zara
ZAMOR634,Zara
ZAPAK635,Zara
ZACAM636,Zara
ZASPA637,Zara
ZATUR638,Zara
ZAPOR639,Zara
ZAMOR640,Zara
ZATUR641,Zara
ZAPAK642,Zara
ZABAN643,Zara
ZATUR644,Zara
ZASPA645,Zara
ZAVIE646,Zara
ZACAM647,Zara
ZAIND648,Zara
ZABAN649,Zara
ZATUR650,Zara
ZATUR651,Zara
ZACHI652,Zara
ZAIND653,Zara
ZAMOR654,Zara
ZAPOR655,Zara
ZABAN656,Zara
ZATUR657,Zara
ZAPOR658,Zara
ZATUR659,Zara
ZATUR660,Zara
ZACHI661,Zara
ZAVIE662,Zara
ZACHI663,Zara
ZAVIE664,Zara
ZAPOR665,Zara
ZACHI666,Zara
ZACHI667,Zara
ZABAN668,Zara
ZATUR669,Zara
ZACHI670,Zara
ZACHI671,Zara
ZACAM672,Zara
ZAMOR673,Zara
ZAMOR674,Zara
ZATUR675,Zara
ZABAN676,Zara
ZASPA677,Zara
ZACHI678,Zara
ZABAN679,Zara
ZATUR680,Zara
ZAVIE681,Zara
ZACHI682,Zara
ZACHI683,Zara
ZACHI684,Zara
ZATUR685,Zara
ZAMOR686,Zara
ZACHI687,Zara
ZATUR688,Zara
ZACHI689,Zara
ZACHI690,Zara
ZAMOR691,Zara
ZABAN692,Zara
ZATUR693,Zara
ZASPA694,Zara
ZACAM695,Zara
ZAIND696,Zara
ZAPOR697,Zara
ZAPOR698,Zara
ZABAN699,Zara
ZATUR700,Zara
ZASPA701,Zara
ZACHI702,Zara
ZABAN703,Zara
ZACHI704,Zara
ZACHI705,Zara
ZASPA706,Zara
ZAPOR707,Zara
ZACHI708,Zara
ZACHI709,Zara
ZABAN710,Zara
ZAIND711,Zara
ZABAN712,Zara
ZATUR713,Zara
ZACHI714,Zara
ZAVIE715,Zara
ZABAN716,Zara
ZAPOR717,Zara
ZACHI718,Zara
ZATUR719,Zara
ZAMOR720,Zara
ZACHI721,Zara
ZAIND722,Zara
ZACHI723,Zara
ZABAN724,Zara
ZAMOR725,Zara
ZAIND726,Zara
ZAIND727,Zara
ZATUR728,Zara
ZAPOR729,Zara
ZAVIE730,Zara
ZATUR731,Zara
ZASPA732,Zara
ZAARG733,Zara
ZATUR734,Zara
ZAMOR735,Zara
ZACHI736,Zara
ZABAN737,Zara
ZABAN738,Zara
ZABAN739,Zara
ZAIND740,Zara
ZACHI741,Zara
ZABAN742,Zara
ZACHI743,Zara
ZABAN744,Zara
ZABAN745,Zara
ZACHI746,Zara
ZAIND747,Zara
ZACAM748,Zara
ZAMOR749,Zara
ZATUR750,Zara
ZAMOR751,Zara
ZAIND752,Zara
ZABAN753,Zara
ZACHI754,Zara
ZACHI755,Zara
ZABAN756,Zara
ZABAN757,Zara
ZABRA758,Zara
ZABAN759,Zara
ZABAN760,Zara
ZABAN761,Zara
ZABAN762,Zara
ZABAN763,Zara
ZAPOR764,Zara
ZACAM765,Zara
ZATUR766,Zara
ZACAM767,Zara
ZABAN768,Zara
ZAPAK769,Zara
ZACHI770,Zara
ZABAN771,Zara
ZASPA772,Zara
ZATUR773,Zara
ZACHI774,Zara
ZAIND775,Zara
ZACAM776,Zara
ZABAN777,Zara
ZASPA778,Zara
ZAIND779,Zara
ZAMOR780,Zara
ZATUR781,Zara
ZACAM782,Zara
ZACHI783,Zara
ZABAN784,Zara
ZACHI785,Zara
ZAMOR786,Zara
ZABAN787,Zara
ZATUR788,Zara
ZATUR789,Zara
ZABAN790,Zara
ZACHI791,Zara
ZAIND792,Zara
ZAMOR793,Zara
ZAVIE794,Zara
ZAVIE795,Zara
ZABAN796,Zara
ZATUR797,Zara
ZAIND798,Zara
ZAIND799,Zara
ZATUR800,Zara
ZASPA801,Zara
ZAMOR802,Zara
ZABAN803,Zara
ZAIND804,Zara
ZABAN805,Zara
ZAPAK806,Zara
ZAVIE807,Zara
ZAPOR808,Zara
ZAPOR809,Zara
ZABAN810,Zara
ZATUR811,Zara
ZACHI812,Zara
ZAPAK813,Zara
ZATUR814,Zara
ZASPA815,Zara
ZABAN816,Zara
ZAIND817,Zara
ZACHI818,Zara
ZAIND819,Zara
ZAIND820,Zara
ZACHI821,Zara
ZAMOR822,Zara
ZABAN823,Zara
ZACHI824,Zara
ZAPOR825,Zara
ZABAN826,Zara
ZACHI827,Zara
ZAPOR828,Zara
ZABAN829,Zara
ZASPA830,Zara
ZABAN831,Zara
ZABAN832,Zara
ZAIND833,Zara
ZAPOR834,Zara
ZAMOR835,Zara
ZAVIE836,Zara
ZAPOR837,Zara
ZAPOR838,Zara
ZAMOR839,Zara
ZABAN840,Zara
ZACHI841,Zara
ZATUR842,Zara
ZABAN843,Zara
ZABAN844,Zara
ZACHI845,Zara
ZACHI846,Zara
ZABAN847,Zara
ZASPA848,Zara
ZACHI849,Zara
ZACAM850,Zara
ZABAN851,Zara
ZABAN852,Zara
ZAMOR853,Zara
ZABAN854,Zara
ZABRA855,Zara
ZACHI856,Zara
ZABAN857,Zara
ZAMOR858,Zara
ZACAM859,Zara
ZASPA860,Zara
ZAVIE861,Zara
ZAPOR862,Zara
ZAVIE863,Zara
ZAIND864,Zara
ZAIND865,Zara
ZATUR866,Zara
ZAPOR867,Zara
ZATUR868,Zara
ZAVIE869,Zara
ZABAN870,Zara
ZATUR871,Zara
ZAVIE872,Zara
ZABAN873,Zara
ZABRA874,Zara
ZAMOR875,Zara
ZAMOR876,Zara
ZATUR877,Zara
ZASPA878,Zara
ZASPA879,Zara
ZASPA880,Zara
ZAMOR881,Zara
ZACAM882,Zara
ZAMOR883,Zara
ZACHI884,Zara
ZASPA885,Zara
ZABAN886,Zara
ZATUR887,Zara
ZAPAK888,Zara
ZABRA889,Zara
ZATUR890,Zara
ZABAN891,Zara
ZATUR892,Zara
ZABAN893,Zara
ZAIND894,Zara
ZABAN895,Zara
ZAPAK896,Zara
ZACHI897,Zara
ZAIND898,Zara
ZABAN899,Zara
ZAPOR900,Zara
ZACAM901,Zara
ZAIND902,Zara
ZACHI903,Zara
ZATUR904,Zara
ZACHI905,Zara
ZACAM906,Zara
ZAMOR907,Zara
ZAMOR908,Zara
ZAPOR909,Zara
ZAMOR910,Zara
ZAPAK911,Zara
ZACHI912,Zara
ZAIND913,Zara
ZABAN914,Zara
ZAMOR915,Zara
ZAMOR916,Zara
ZATUR917,Zara
ZACHI918,Zara
ZABAN919,Zara
ZAMOR920,Zara
ZABAN921,Zara
ZAMOR922,Zara
ZACHI923,Zara
ZACHI924,Zara
ZASPA925,Zara
ZATUR926,Zara
ZAVIE927,Zara
ZACHI928,Zara
ZABAN929,Zara
ZACHI930,Zara
ZAPOR931,Zara
ZABAN932,Zara
ZACAM933,Zara
ZABAN934,Zara
ZABAN935,Zara
ZAIND936,Zara
ZASPA937,Zara
ZASPA938,Zara
ZACHI939,Zara
ZACAM940,Zara
ZAVIE941,Zara
ZASPA942,Zara
ZABAN943,Zara
ZAIND944,Zara
ZAMOR945,Zara
ZAIND946,Zara
ZACHI947,Zara
ZABRA948,Zara
ZABAN949,Zara
ZACHI950,Zara
ZACHI951,Zara
ZABAN952,Zara
ZAIND953,Zara
ZABAN954,Zara
ZACAM955,Zara
ZAIND956,Zara
ZAPOR957,Zara
ZACHI958,Zara
ZABAN959,Zara
ZACHI960,Zara
ZAMOR961,Zara
ZAIND962,Zara
ZABAN963,Zara
ZACAM964,Zara
ZABAN965,Zara
ZACAM966,Zara
ZAPAK967,Zara
ZACHI968,Zara
ZASPA969,Zara
ZAMOR970,Zara
ZACHI971,Zara
ZAPAK972,Zara
ZABAN973,Zara
ZABAN974,Zara
ZAPAK975,Zara
ZACHI976,Zara
ZAMOR977,Zara
ZAVIE978,Zara
ZABAN979,Zara
ZACAM980,Zara
ZATUR981,Zara
ZABRA982,Zara
ZAIND983,Zara
ZAMOR984,Zara
ZAMOR985,Zara
ZABRA986,Zara
ZAMOR987,Zara
ZACHI988,Zara
ZAPOR989,Zara
ZAMOR990,Zara
ZAMOR991,Zara
ZAVIE992,Zara
ZATUR993,Zara
ZACAM994,Zara
ZATUR995,Zara
ZACHI996,Zara
ZACHI997,Zara
ZACHI998,Zara
ZAMOR999,Zara
ZAMOR1000,Zara
ZATUR1001,Zara
ZABAN1002,Zara
ZABAN1003,Zara
ZACHI1004,Zara
ZAMOR1005,Zara
ZATUR1006,Zara
ZACHI1007,Zara
ZAMOR1008,Zara
ZACHI1009,Zara
ZACHI1010,Zara
ZATUR1011,Zara
ZAVIE1012,Zara
ZABRA1013,Zara
ZAPAK1014,Zara
ZASPA1015,Zara
ZACHI1016,Zara
ZATUR1017,Zara
ZACHI1018,Zara
ZABAN1019,Zara
ZAIND1020,Zara
ZABAN1021,Zara
ZACHI1022,Zara
ZAMOR1023,Zara
ZATUR1024,Zara
ZAIND1025,Zara
ZABAN1026,Zara
ZABAN1027,Zara
ZACHI1028,Zara
ZAVIE1029,Zara
ZACHI1030,Zara
ZATUR1031,Zara
ZASPA1032,Zara
ZAIND1033,Zara
ZABAN1034,Zara
ZATUR1035,Zara
ZACHI1036,Zara
ZAIND1037,Zara
ZAIND1038,Zara
ZATUR1039,Zara
ZAMOR1040,Zara
ZATUR1041,Zara
ZACHI1042,Zara
ZAMOR1043,Zara
ZATUR1044,Zara
ZACHI1045,Zara
ZACHI1046,Zara
ZABAN1047,Zara
ZACHI1048,Zara
ZATUR1049,Zara
ZAIND1050,Zara
ZAVIE1051,Zara
ZAIND1052,Zara
ZACHI1053,Zara
ZACHI1054,Zara
ZAPAK1055,Zara
ZAVIE1056,Zara
ZAMOR1057,Zara
ZACHI1058,Zara
ZACHI1059,Zara
ZABAN1060,Zara
ZAPAK1061,Zara
ZABRA1062,Zara
ZABAN1063,Zara
ZABAN1064,Zara
ZAIND1065,Zara
ZABAN1066,Zara
ZACHI1067,Zara
ZAVIE1068,Zara
ZATUR1069,Zara
ZAVIE1070,Zara
ZABRA1071,Zara
ZACAM1072,Zara
ZACHI1073,Zara
ZASPA1074,Zara
ZACHI1075,Zara
ZACHI1076,Zara
ZAIND1077,Zara
ZAMOR1078,Zara
ZAIND1079,Zara
ZAIND1080,Zara
ZATUR1081,Zara
ZACHI1082,Zara
ZACAM1083,Zara
ZATUR1084,Zara
ZAVIE1085,Zara
ZAPAK1086,Zara
ZATUR1087,Zara
ZABRA1088,Zara
ZAPOR1089,Zara
ZAPOR1090,Zara
ZABAN1091,Zara
ZATUR1092,Zara
ZACHI1093,Zara
ZAIND1094,Zara
ZAPOR1095,Zara
ZAMOR1096,Zara
ZABRA1097,Zara
ZACAM1098,Zara
ZAVIE1099,Zara
ZAVIE1100,Zara
ZASPA1101,Zara
ZABAN1102,Zara
ZAVIE1103,Zara
ZACHI1104,Zara
ZATUR1105,Zara
ZASPA1106,Zara
ZATUR1107,Zara
ZABAN1108,Zara
ZAMOR1109,Zara
ZACAM1110,Zara
ZACHI1111,Zara
ZAPOR1112,Zara
ZABAN1113,Zara
ZACHI1114,Zara
ZAMOR1115,Zara
ZACHI1116,Zara
ZAPOR1117,Zara
ZACHI1118,Zara
ZABAN1119,Zara
ZABAN1120,Zara
ZAMOR1121,Zara
ZABAN1122,Zara
ZABAN1123,Zara
ZACHI1124,Zara
ZASPA1125,Zara
ZAIND1126,Zara
ZACHI1127,Zara
ZAIND1128,Zara
ZATUR1129,Zara
ZABAN1130,Zara
ZATUR1131,Zara
ZAIND1132,Zara
ZAPOR1133,Zara
ZABAN1134,Zara
ZACHI1135,Zara
ZACAM1136,Zara
ZAPOR1137,Zara
ZAIND1138,Zara
ZABAN1139,Zara
ZACHI1140,Zara
ZABAN1141,Zara
ZACHI1142,Zara
ZATUR1143,Zara
ZAPOR1144,Zara
ZAPAK1145,Zara
ZATUR1146,Zara
ZAVIE1147,Zara
ZAVIE1148,Zara
ZABAN1149,Zara
ZACAM1150,Zara
ZASPA1151,Zara
ZABAN1152,Zara
ZASPA1153,Zara
ZACHI1154,Zara
ZACAM1155,Zara
ZACHI1156,Zara
ZAVIE1157,Zara
ZASPA1158,Zara
ZATUR1159,Zara
ZAMOR1160,Zara
ZASPA1161,Zara
ZACAM1162,Zara
ZACAM1163,Zara
ZAMOR1164,Zara
ZAPOR1165,Zara
ZASPA1166,Zara
ZABAN1167,Zara
ZAMOR1168,Zara
ZACHI1169,Zara
ZABAN1170,Zara
ZABAN1171,Zara
ZASPA1172,Zara
ZATUR1173,Zara
ZAIND1174,Zara
ZABAN1175,Zara
ZACHI1176,Zara
ZATUR1177,Zara
ZATUR1178,Zara
ZAPOR1179,Zara
ZASPA1180,Zara
ZAMOR1181,Zara
ZAIND1182,Zara
ZABAN1183,Zara
ZACHI1184,Zara
ZASPA1185,Zara
ZABAN1186,Zara
ZAPAK1187,Zara
ZAPOR1188,Zara
ZACHI1189,Zara
ZABAN1190,Zara
ZACAM1191,Zara
ZATUR1192,Zara
ZAMOR1193,Zara
ZACHI1194,Zara
ZATUR1195,Zara
ZAMOR1196,Zara
ZACHI1197,Zara
ZAVIE1198,Zara
ZABAN1199,Zara
ZAPAK1200,Zara
ZAMOR1201,Zara
ZAPAK1202,Zara
ZABAN1203,Zara
ZACHI1204,Zara
ZASPA1205,Zara
ZATUR1206,Zara
ZACHI1207,Zara
ZASPA1208,Zara
ZACHI1209,Zara
ZACHI1210,Zara
ZAMOR1211,Zara
ZAIND1212,Zara
ZABAN1213,Zara
ZATUR1214,Zara
ZATUR1215,Zara
ZACHI1216,Zara
ZAMOR1217,Zara
ZACHI1218,Zara
ZAVIE1219,Zara
ZABRA1220,Zara
ZACHI1221,Zara
ZACHI1222,Zara
ZATUR1223,Zara
ZABRA1224,Zara
ZAPAK1225,Zara
ZACHI1226,Zara
ZABAN1227,Zara
ZABAN1228,Zara
ZACHI1229,Zara
ZAPOR1230,Zara
ZACHI1231,Zara
ZABAN1232,Zara
ZABAN1233,Zara
ZABAN1234,Zara
ZAPOR1235,Zara
ZATUR1236,Zara
ZAARG1237,Zara
ZABAN1238,Zara
ZACHI1239,Zara
ZASPA1240,Zara
ZATUR1241,Zara
ZASPA1242,Zara
ZAPOR1243,Zara
ZACHI1244,Zara
ZABAN1245,Zara
ZATUR1246,Zara
ZACHI1247,Zara
ZABRA1248,Zara
ZAVIE1249,Zara
ZACHI1250,Zara
ZACAM1251,Zara
ZACHI1252,Zara
ZAIND1253,Zara
ZATUR1254,Zara
ZACHI1255,Zara
ZATUR1256,Zara
ZAVIE1257,Zara
ZAPOR1258,Zara
ZAIND1259,Zara
ZAARG1260,Zara
ZAPOR1261,Zara
ZAPOR1262,Zara
ZAARG1263,Zara
ZACAM1264,Zara
ZASPA1265,Zara
ZAIND1266,Zara
ZAMOR1267,Zara
ZATUR1268,Zara
ZAPAK1269,Zara
ZACHI1270,Zara
ZATUR1271,Zara
ZABAN1272,Zara
ZAPOR1273,Zara
ZAPOR1274,Zara
ZAVIE1275,Zara
ZACHI1276,Zara
ZAMOR1277,Zara
ZACHI1278,Zara
ZAPOR1279,Zara
ZAPOR1280,Zara
ZATUR1281,Zara
ZAIND1282,Zara
ZAPAK1283,Zara
ZABAN1284,Zara
ZAIND1285,Zara
ZATUR1286,Zara
ZABRA1287,Zara
ZATUR1288,Zara
ZAMOR1289,Zara
ZACAM1290,Zara
ZATUR1291,Zara
ZAPAK1292,Zara
ZAPAK1293,Zara
ZATUR1294,Zara
ZAIND1295,Zara
ZAVIE1296,Zara
ZASPA1297,Zara
ZAIND1298,Zara
ZAMOR1299,Zara
ZAMOR1300,Zara
ZAPOR1301,Zara
ZABAN1302,Zara
ZAIND1303,Zara
ZATUR1304,Zara
ZACHI1305,Zara
ZAVIE1306,Zara
ZASPA1307,Zara
ZAVIE1308,Zara
ZACHI1309,Zara
ZATUR1310,Zara
ZACAM1311,Zara
ZABAN1312,Zara
ZAPAK1313,Zara
ZASPA1314,Zara
ZAPOR1315,Zara
ZABAN1316,Zara
ZATUR1317,Zara
ZACAM1318,Zara
ZAIND1319,Zara
ZACHI1320,Zara
ZABAN1321,Zara
ZAIND1322,Zara
ZAMOR1323,Zara
ZABAN1324,Zara
ZACHI1325,Zara
ZAPOR1326,Zara
ZABRA1327,Zara
ZAIND1328,Zara
ZACHI1329,Zara
ZAIND1330,Zara
ZACHI1331,Zara
ZAMOR1332,Zara
ZACHI1333,Zara
ZABAN1334,Zara
ZAIND1335,Zara
ZASPA1336,Zara
ZASPA1337,Zara
ZACAM1338,Zara
ZACHI1339,Zara
ZABAN1340,Zara
ZATUR1341,Zara
ZAMOR1342,Zara
ZATUR1343,Zara
ZAIND1344,Zara
ZABAN1345,Zara
ZAMOR1346,Zara
ZAMOR1347,Zara
ZABRA1348,Zara
ZAIND1349,Zara
ZASPA1350,Zara
ZABAN1351,Zara
ZABAN1352,Zara
ZACHI1353,Zara
ZABAN1354,Zara
ZACAM1355,Zara
ZABAN1356,Zara
ZACHI1357,Zara
ZAPAK1358,Zara
ZAMOR1359,Zara
ZABAN1360,Zara
ZAPOR1361,Zara
ZACHI1362,Zara
ZACHI1363,Zara
ZAPOR1364,Zara
ZAMOR1365,Zara
ZACHI1366,Zara
ZASPA1367,Zara
ZABAN1368,Zara
ZAVIE1369,Zara
ZATUR1370,Zara
ZACHI1371,Zara
ZACHI1372,Zara
ZAMOR1373,Zara
ZAPAK1374,Zara
ZASPA1375,Zara
ZABAN1376,Zara
ZABAN1377,Zara
ZASPA1378,Zara
ZABAN1379,Zara
ZAVIE1380,Zara
ZASPA1381,Zara
ZABAN1382,Zara
ZATUR1383,Zara
ZATUR1384,Zara
ZATUR1385,Zara
ZACHI1386,Zara
ZABAN1387,Zara
ZAPOR1388,Zara
ZAMOR1389,Zara
ZAPOR1390,Zara
ZASPA1391,Zara
ZABAN1392,Zara
ZATUR1393,Zara
ZATUR1394,Zara
ZATUR1395,Zara
ZAVIE1396,Zara
ZABAN1397,Zara
ZATUR1398,Zara
ZACHI1399,Zara
ZABAN1400,Zara
ZACHI1401,Zara
ZACHI1402,Zara
ZAIND1403,Zara
ZASPA1404,Zara
ZAIND1405,Zara
ZAMOR1406,Zara
ZAIND1407,Zara
ZABAN1408,Zara
ZAMOR1409,Zara
ZAPOR1410,Zara
ZACHI1411,Zara
ZATUR1412,Zara
ZABRA1413,Zara
ZACHI1414,Zara
ZATUR1415,Zara
ZACHI1416,Zara
ZAIND1417,Zara
ZAMOR1418,Zara
ZACHI1419,Zara
ZATUR1420,Zara
ZACHI1421,Zara
ZAPOR1422,Zara
ZAPOR1423,Zara
ZACHI1424,Zara
ZACHI1425,Zara
ZACHI1426,Zara
ZACHI1427,Zara
ZAVIE1428,Zara
ZACAM1429,Zara
ZASPA1430,Zara
ZASPA1431,Zara
ZASPA1432,Zara
ZACHI1433,Zara
ZAMOR1434,Zara
ZACAM1435,Zara
ZAIND1436,Zara
ZACHI1437,Zara
ZABAN1438,Zara
ZACHI1439,Zara
ZAPAK1440,Zara
ZABRA1441,Zara
ZASPA1442,Zara
ZATUR1443,Zara
ZAIND1444,Zara
ZATUR1445,Zara
ZACHI1446,Zara
ZACHI1447,Zara
ZACHI1448,Zara
ZATUR1449,Zara
ZAIND1450,Zara
ZACHI1451,Zara
ZAIND1452,Zara
ZATUR1453,Zara
ZAMOR1454,Zara
ZAMOR1455,Zara
ZAIND1456,Zara
ZABAN1457,Zara
ZATUR1458,Zara
ZAIND1459,Zara
ZACHI1460,Zara
ZAPOR1461,Zara
ZABAN1462,Zara
ZAPAK1463,Zara
ZATUR1464,Zara
ZABAN1465,Zara
ZAMOR1466,Zara
ZABAN1467,Zara
ZAPOR1468,Zara
ZAPAK1469,Zara
ZACAM1470,Zara
ZAPOR1471,Zara
ZAIND1472,Zara
ZATUR1473,Zara
ZACHI1474,Zara
ZASPA1475,Zara
ZATUR1476,Zara
ZATUR1477,Zara
ZAMOR1478,Zara
ZABAN1479,Zara
ZAARG1480,Zara
ZABAN1481,Zara
ZAPAK1482,Zara
ZAIND1483,Zara
ZACHI1484,Zara
ZAMOR1485,Zara
ZABAN1486,Zara
ZABAN1487,Zara
ZABAN1488,Zara
ZABRA1489,Zara
ZABAN1490,Zara
ZAMOR1491,Zara
ZAIND1492,Zara
ZAIND1493,Zara
ZACHI1494,Zara
ZACHI1495,Zara
ZAMOR1496,Zara
ZAVIE1497,Zara
ZAPOR1498,Zara
ZATUR1499,Zara
ZAIND1500,Zara
ZAVIE1501,Zara
ZAVIE1502,Zara
ZACAM1503,Zara
ZAIND1504,Zara
ZACHI1505,Zara
ZATUR1506,Zara
ZATUR1507,Zara
ZACHI1508,Zara
ZABAN1509,Zara
ZAMOR1510,Zara
ZACHI1511,Zara
ZABAN1512,Zara
ZATUR1513,Zara
ZACHI1514,Zara
ZAIND1515,Zara
ZABAN1516,Zara
ZAMOR1517,Zara
ZACAM1518,Zara
ZAMOR1519,Zara
ZATUR1520,Zara
ZABRA1521,Zara
ZACHI1522,Zara
ZACHI1523,Zara
ZASPA1524,Zara
ZATUR1525,Zara
ZASPA1526,Zara
ZAVIE1527,Zara
ZATUR1528,Zara
ZACHI1529,Zara
ZAIND1530,Zara
ZAPAK1531,Zara
ZAIND1532,Zara
ZAPAK1533,Zara
ZASPA1534,Zara
ZATUR1535,Zara
ZATUR1536,Zara
ZABAN1537,Zara
ZAMOR1538,Zara
ZABAN1539,Zara
ZAMOR1540,Zara
ZATUR1541,Zara
ZACAM1542,Zara
ZACHI1543,Zara
ZACAM1544,Zara
ZATUR1545,Zara
ZABRA1546,Zara
ZAIND1547,Zara
ZABAN1548,Zara
ZACHI1549,Zara
ZAPOR1550,Zara
ZABAN1551,Zara
ZAPOR1552,Zara
ZAPOR1553,Zara
ZAMOR1554,Zara
ZACAM1555,Zara
ZABAN1556,Zara
ZAMOR1557,Zara
ZABAN1558,Zara
ZAMOR1559,Zara
ZABAN1560,Zara
ZABAN1561,Zara
ZABAN1562,Zara
ZABAN1563,Zara
ZABAN1564,Zara
ZACHI1565,Zara
ZABAN1566,Zara
ZAIND1567,Zara
ZASPA1568,Zara
ZABAN1569,Zara
ZATUR1570,Zara
ZABAN1571,Zara
ZABAN1572,Zara
ZABAN1573,Zara
ZATUR1574,Zara
ZASPA1575,Zara
ZAIND1576,Zara
ZABAN1577,Zara
ZABAN1578,Zara
ZAVIE1579,Zara
ZATUR1580,Zara
ZATUR1581,Zara
ZASPA1582,Zara
ZAVIE1583,Zara
ZATUR1584,Zara
ZATUR1585,Zara
ZACHI1586,Zara
ZATUR1587,Zara
ZATUR1588,Zara
ZATUR1589,Zara
ZACHI1590,Zara
ZABAN1591,Zara
ZAPOR1592,Zara
ZACHI1593,Zara
ZAIND1594,Zara
ZAPAK1595,Zara
ZAMOR1596,Zara
ZABAN1597,Zara
ZAIND1598,Zara
ZAVIE1599,Zara
